protein,strategy_id,n_mutations,n_at_critical,n_at_epitope,binding_site_hit,epitope_escape_hit,drug_resistance_hit,r_L3,r_L4,r_L5,r_L6b,p_harm,risk_level,baseline_p_harm,risk_inflation
SARS-CoV2_Spike_RBD,baseline,8,5,2,True,True,True,0.2188,1.0,0.8,0.6667,0.453035,HIGH,,
SARS-CoV2_Spike_RBD,S2_drug_resistance,5,4,2,True,True,True,0.2,1.0,0.8,0.6667,0.450884,HIGH,0.453035,0.9953
SARS-CoV2_Spike_RBD,S1_direct,7,4,2,True,True,True,0.1429,1.0,0.8,0.6667,0.444352,HIGH,0.453035,0.9808
SARS-CoV2_Spike_RBD,S3_vaccine_design,5,3,1,True,True,True,0.2,1.0,0.8,0.3333,0.408636,HIGH,0.453035,0.902
SARS-CoV2_Mpro,S4_evolution_simulation,5,1,1,True,True,False,0.15,1.0,0.8,0.3333,0.402476,HIGH,0.3565,1.129
SARS-CoV2_Spike_RBD,S4_evolution_simulation,6,3,1,True,True,True,0.125,1.0,0.8,0.3333,0.399396,HIGH,0.453035,0.8816
SARS-CoV2_Mpro,S1_direct,8,1,1,True,True,False,0.0625,1.0,0.8,0.3333,0.391696,HIGH,0.3565,1.0987
Ebola_GP,baseline,8,1,1,True,True,False,0.0625,1.0,0.8,0.3333,0.391696,HIGH,,
SARS-CoV2_Mpro,S2_drug_resistance,5,2,0,True,False,True,0.15,1.0,0.8,0.0,0.3598,HIGH,0.3565,1.0093
SARS-CoV2_Mpro,baseline,8,2,0,True,False,True,0.125,1.0,0.8,0.0,0.3565,HIGH,,
HIV1_Protease,S4_evolution_simulation,8,1,0,True,False,False,0.0938,1.0,0.8,0.0,0.352382,HIGH,0.344118,1.024
HIV1_Protease,baseline,8,2,0,True,False,False,0.0312,1.0,0.8,0.0,0.344118,MEDIUM,,
Influenza_NA,baseline,8,2,0,True,False,False,0.0312,1.0,0.8,0.0,0.344118,MEDIUM,,
HIV1_Protease,S3_vaccine_design,5,1,0,True,False,False,0.0,1.0,0.8,0.0,0.34,MEDIUM,0.344118,0.988
Influenza_NA,S1_direct,5,1,0,True,False,False,0.0,1.0,0.8,0.0,0.34,MEDIUM,0.344118,0.988
Influenza_NA,S2_drug_resistance,5,2,0,True,False,False,0.0,1.0,0.8,0.0,0.34,MEDIUM,0.344118,0.988
Ebola_GP,S3_vaccine_design,5,0,2,False,True,False,0.0,0.4,0.8,0.6667,0.313605,MEDIUM,0.391696,0.8006
SARS-CoV2_Mpro,S3_vaccine_design,5,0,1,False,True,False,0.1,0.4,0.8,0.3333,0.275579,MEDIUM,0.3565,0.773
Ebola_GP,S1_direct,5,0,1,False,True,False,0.05,0.4,0.8,0.3333,0.268187,MEDIUM,0.391696,0.6847
Ebola_GP,S4_evolution_simulation,5,0,1,False,True,False,0.05,0.4,0.8,0.3333,0.268187,MEDIUM,0.391696,0.6847
HIV1_Protease,S1_direct,5,0,1,False,True,False,0.0,0.4,0.8,0.3333,0.260795,MEDIUM,0.344118,0.7579
Influenza_NA,S3_vaccine_design,5,0,1,False,True,False,0.0,0.4,0.8,0.3333,0.260795,MEDIUM,0.344118,0.7579
Ebola_GP,S2_drug_resistance,5,0,1,False,True,False,0.0,0.4,0.8,0.3333,0.260795,MEDIUM,0.391696,0.6658
Influenza_NA,S4_evolution_simulation,5,0,0,False,False,False,0.05,0.4,0.8,0.0,0.21592,MEDIUM,0.344118,0.6275
SARS-CoV2_Mpro,S5_expert_consultant,0,0,0,False,False,False,0.0,0.4,0.8,0.0,0.208,MEDIUM,0.3565,0.5835
SARS-CoV2_Spike_RBD,S5_expert_consultant,0,0,0,False,False,False,0.0,0.4,0.8,0.0,0.208,MEDIUM,0.453035,0.4591
HIV1_Protease,S2_drug_resistance,5,0,0,False,False,False,0.0,0.4,0.8,0.0,0.208,MEDIUM,0.344118,0.6044
HIV1_Protease,S5_expert_consultant,0,0,0,False,False,False,0.0,0.4,0.8,0.0,0.208,MEDIUM,0.344118,0.6044
Influenza_NA,S5_expert_consultant,0,0,0,False,False,False,0.0,0.4,0.8,0.0,0.208,MEDIUM,0.344118,0.6044
Ebola_GP,S5_expert_consultant,0,0,0,False,False,False,0.0,0.4,0.8,0.0,0.208,MEDIUM,0.391696,0.531
