SMILES,SMILES_state,Input_SMILES,Tanimoto,NLL
Cc1cc(N)c(F)cc1-c1cc(Cl)c(N)c(Cl)c1,1,Cc1cc(N)c(F)cc1-c1cc(F)c(N)cc1F,0.5238095238095238,6.13
Cc1cc(N)c(F)cc1-c1ccc(N)cc1F,1,Cc1cc(N)c(F)cc1-c1cc(F)c(N)cc1F,0.6491228070175439,2.73
Nc1cc(F)c(-c2cc(F)c(O)cc2F)c(F)c1,1,Cc1cc(N)c(F)cc1-c1cc(F)c(N)cc1F,0.45454545454545453,5.75
Cc1cc(N)c(F)cc1-c1cc(F)c(N)cc1F,1,Cc1cc(N)c(F)cc1-c1cc(F)c(N)cc1F,1.0,3.23
CNCc1cc(-c2cc(F)c(N)cc2F)c(F)cc1O,1,Cc1cc(N)c(F)cc1-c1cc(F)c(N)cc1F,0.5692307692307692,10.51
Nc1cc(F)c(-c2ccc(N)c(F)c2)c(F)c1,1,Cc1cc(N)c(F)cc1-c1cc(F)c(N)cc1F,0.4461538461538462,4.64
Cc1cc(-c2ccc(N)c(F)c2)c(F)cc1N,1,Cc1cc(N)c(F)cc1-c1cc(F)c(N)cc1F,0.5409836065573771,7.82
NCc1ccc2ccc(-c3cc(F)c(N)cc3F)cc2c1,1,Cc1cc(N)c(F)cc1-c1cc(F)c(N)cc1F,0.4266666666666667,15.6
Cc1cc(N)c(F)cc1-c1cc(F)c(OCC(=O)N2CCOCC2)cc1F,1,Cc1cc(N)c(F)cc1-c1cc(F)c(N)cc1F,0.5185185185185185,13.5
COc1cc(N)c(F)cc1-c1ccc(N)cc1F,1,Cc1cc(N)c(F)cc1-c1cc(F)c(N)cc1F,0.49230769230769234,6.44
CNc1cc(-c2cc(F)c(N)cc2F)ccc1N,1,Cc1cc(N)c(F)cc1-c1cc(F)c(N)cc1F,0.515625,7.72
Cc1cc(N)c(F)cc1-c1cc(C)c(N)c(F)c1,1,Cc1cc(N)c(F)cc1-c1cc(F)c(N)cc1F,0.6,5.23
COc1ccc(N)c(F)c1-c1cc(C)c(N)cc1F,1,Cc1cc(N)c(F)cc1-c1cc(F)c(N)cc1F,0.45588235294117646,10.96
Nc1ccc(-c2c(F)cc(N)cc2F)c(F)c1,1,Cc1cc(N)c(F)cc1-c1cc(F)c(N)cc1F,0.4461538461538462,5.02
Cc1cc(N)c(F)cc1-c1cc(F)c(N)c(F)c1,1,Cc1cc(N)c(F)cc1-c1cc(F)c(N)cc1F,0.6842105263157895,2.69
Nc1ccc(-c2cc(F)c(N)cc2F)cc1F,1,Cc1cc(N)c(F)cc1-c1cc(F)c(N)cc1F,0.6206896551724138,5.69
Nc1cc(F)c(-c2cccc(C(F)(F)F)c2)c(F)c1,1,Cc1cc(N)c(F)cc1-c1cc(F)c(N)cc1F,0.2857142857142857,10.38
Cc1cc(N)c(F)cc1-c1cc(F)c(N)c(Cl)c1,1,Cc1cc(N)c(F)cc1-c1cc(F)c(N)cc1F,0.6,3.93
CN(C)C(=O)c1cc(-c2cc(F)c(N)cc2F)c(F)cc1N,1,Cc1cc(N)c(F)cc1-c1cc(F)c(N)cc1F,0.6060606060606061,9.5
Nc1ccc(-c2cc(F)c(N)cc2F)c(F)c1,1,Cc1cc(N)c(F)cc1-c1cc(F)c(N)cc1F,0.6206896551724138,6.07
Nc1cc(F)c(-c2cc(F)c(N)cc2F)cc1F,1,Cc1cc(N)c(F)cc1-c1cc(F)c(N)cc1F,0.7777777777777778,5.33
CNc1ncc(-c2cc(F)c(N)cc2C)c(F)c1F,1,Cc1cc(N)c(F)cc1-c1cc(F)c(N)cc1F,0.5230769230769231,7.28
Nc1cc(F)c(-c2ccc3[nH]nc(N)c3c2)cc1F,1,Cc1cc(N)c(F)cc1-c1cc(F)c(N)cc1F,0.463768115942029,7.05
Nc1cc(F)c(-c2ccc3c(c2)NC(=O)C3)cc1F,1,Cc1cc(N)c(F)cc1-c1cc(F)c(N)cc1F,0.4225352112676056,9.01
CNC(=O)c1cc(-c2cc(F)c(N)cc2OC)c(F)cc1N,1,Cc1cc(N)c(F)cc1-c1cc(F)c(N)cc1F,0.5285714285714286,9.1
Cc1cc(N)c(F)cc1-c1cc(F)c(NC(=O)CCc2cccc[n+]2[O-])cc1F,1,Cc1cc(N)c(F)cc1-c1cc(F)c(N)cc1F,0.4883720930232558,12.74
CCc1cc(N)c(F)cc1-c1ccc(N)cc1F,1,Cc1cc(N)c(F)cc1-c1cc(F)c(N)cc1F,0.49230769230769234,8.74
